conta;email_login;codigo_externo;cpf;nome;telefone;celular;canal;papel
14.255.350/0001-03;CLERISTONSPINOLA50@GMAIL.COM;4;46420967520;CLERISTON SALINAS SPINOLA;;;BALCAO,TELEPECAS;GERENTE
14.255.350/0001-03;TOM.DOIDAO@HOTMAIL.COM;2;83233717504;JOSUILTON MOREIRA DOS SANTOS;;;BALCAO;VENDEDOR
14.255.350/0001-03;JSILVACOMAGRO@HOTMAIL.COM;5;57918007549;JUCILANDE BISPO DA SILVA;;;BALCAO;VENDEDOR
14.255.350/0001-03;D-SPINOLA@HOTMAIL.COM;34;07353881569;DANIEL ALMEIDA SPÍNOLA;;;BALCAO,TELEPECAS;GERENTE
14.255.350/0001-03;PALMIROPEIXOTO@GMAIL.COM;42;26308673587;PALMIRO PEIXOTO DE OLIVEIRA;;;BALCAO,TELEPECAS;VENDEDOR
14.255.350/0001-03;MANOELVICTO163035@GMAIL.COM;55;37870212806;MANOEL VICTOR LIMA SAMPAIO;;;TELEPECAS;VENDEDOR
14.255.350/0001-03;DANIELHS.BEZERRA@GMAIL.COM;56;86099030522;DANIEL HENRIQUE SANTOS BEZERRA;;;TELEPECAS;VENDEDOR
